<?xml version="1.0" encoding="UTF-8"?><rss version="2.0"
	xmlns:content="http://purl.org/rss/1.0/modules/content/"
	xmlns:wfw="http://wellformedweb.org/CommentAPI/"
	xmlns:dc="http://purl.org/dc/elements/1.1/"
	xmlns:atom="http://www.w3.org/2005/Atom"
	xmlns:sy="http://purl.org/rss/1.0/modules/syndication/"
	xmlns:slash="http://purl.org/rss/1.0/modules/slash/"
	>

<channel>
	<title>PROSPRA Activity Arranger</title>
	<atom:link href="/feed/" rel="self" type="application/rss+xml" />
	<link>/</link>
	<description>7 Step Problem Solver &#38; Task Organizer</description>
	<lastBuildDate>Sat, 02 May 2020 12:10:01 +0000</lastBuildDate>
	<language>en-US</language>
	<sy:updatePeriod>
	hourly	</sy:updatePeriod>
	<sy:updateFrequency>
	1	</sy:updateFrequency>
	

<image>
	<url>/wp-content/uploads/2016/04/cropped-prospra-icon-512-32x32.png</url>
	<title>PROSPRA Activity Arranger</title>
	<link>/</link>
	<width>32</width>
	<height>32</height>
</image> 
	<item>
		<title>PROSPRA Technique for Disease Recovery</title>
		<link>/prospra-technique-for-disease-recovery/</link>
		
		<dc:creator><![CDATA[Keith Taylor]]></dc:creator>
		<pubDate>Thu, 23 Apr 2020 11:46:02 +0000</pubDate>
				<category><![CDATA[PROSPRA Activity Arranger Steps]]></category>
		<guid isPermaLink="false">/?p=316</guid>

					<description><![CDATA[Disease recovery should be as straightforward as: Tell your doctor Take any tests required Start the treatment Get better So you don&#8217;t need to plan that. But what if your disease is more complicated. Maybe you&#8217;re reluctant to take meds. Perhaps worried by side effects. Or friends opinions about different treatments have confused you. Whatever &#8230; <a href="/prospra-technique-for-disease-recovery/" class="more-link">Continue reading <span class="screen-reader-text">PROSPRA Technique for Disease Recovery</span></a>
<p><a href="/prospra-technique-for-disease-recovery/">Source</a></p>]]></description>
		
		
		
			</item>
		<item>
		<title>Webmaster Site Startup Projectlet</title>
		<link>/webmaster-site-startup-projectlet/</link>
		
		<dc:creator><![CDATA[Keith Taylor]]></dc:creator>
		<pubDate>Mon, 23 Mar 2020 13:06:34 +0000</pubDate>
				<category><![CDATA[PROSPRA Activity Arranger Steps]]></category>
		<guid isPermaLink="false">/?p=298</guid>

					<description><![CDATA[How soon do you want to finish your website startup? As an experienced webmaster, I know that some website projects seem to take forever. But if I&#8217;m launching a website for myself, how fast can it be? Here&#8217;s a quick way to rollout websites quickly. Without losing quality by missing key steps. Webmaster Site Startup &#8230; <a href="/webmaster-site-startup-projectlet/" class="more-link">Continue reading <span class="screen-reader-text">Webmaster Site Startup Projectlet</span></a>
<p><a href="/webmaster-site-startup-projectlet/">Source</a></p>]]></description>
		
		
		
			</item>
		<item>
		<title>Maintain PROSPRA in a Spreadsheet</title>
		<link>/maintain-prospra-in-a-spreadsheet/</link>
		
		<dc:creator><![CDATA[Keith Taylor]]></dc:creator>
		<pubDate>Sat, 23 Aug 2014 11:58:28 +0000</pubDate>
				<category><![CDATA[PROSPRA Activity Arranger Steps]]></category>
		<guid isPermaLink="false">/?p=40</guid>

					<description><![CDATA[PROSPRA in a spreadsheet is easy to maintain. Flexibility lets you tailor activity arrangement to suit your project. Get simple methods for project success now.
<p><a href="/maintain-prospra-in-a-spreadsheet/">Source</a></p>]]></description>
		
		
		
			</item>
		<item>
		<title>Starting PROSPRA in a Spreadsheet</title>
		<link>/starting-prospra-in-a-spreadsheet/</link>
		
		<dc:creator><![CDATA[Keith Taylor]]></dc:creator>
		<pubDate>Sat, 16 Aug 2014 12:38:36 +0000</pubDate>
				<category><![CDATA[PROSPRA Activity Arranger Steps]]></category>
		<guid isPermaLink="false">/?p=30</guid>

					<description><![CDATA[PROSPRA in a spreadsheet introduces easy activity arrangement. Simple steps make your project efficient, but avoid hidden dangers. Start your plan right now.
<p><a href="/starting-prospra-in-a-spreadsheet/">Source</a></p>]]></description>
		
		
		
			</item>
		<item>
		<title>PROSPRA Activity Arranger Progress</title>
		<link>/prospra-activity-arranger-progress/</link>
		
		<dc:creator><![CDATA[Keith Taylor]]></dc:creator>
		<pubDate>Sun, 26 Apr 2020 11:51:21 +0000</pubDate>
				<category><![CDATA[PROSPRA Website]]></category>
		<guid isPermaLink="false">/?p=326</guid>

					<description><![CDATA[Almost 5 years ago I reported on PROSPRA Projects Progress. Since then, I&#8217;ve been refining my techniques, applying PROSPRA to more activities, and finally started to publish templates. That last point is particularly important to me. Because PROSPRA is a practical tool. So it&#8217;s much easier to explain it with examples of practical applications. Though &#8230; <a href="/prospra-activity-arranger-progress/" class="more-link">Continue reading <span class="screen-reader-text">PROSPRA Activity Arranger Progress</span></a>
<p><a href="/prospra-activity-arranger-progress/">Source</a></p>]]></description>
		
		
		
			</item>
	</channel>
</rss>
